,number,value,datetime_start,datetime_complete,duration,params_q_con,params_q_lag,params_q_sdot,params_q_u_yaw_rate,params_qt_pos_high,params_qt_s_high,state
0,0,10.453343649213025,2025-02-10 09:17:02.226497,2025-02-10 09:17:04.580285,0 days 00:00:02.353788,0.5166267468163994,10.30913405346047,0.013379681080232369,0.5638133523582066,8.571765446159212,0.061717223401641264,COMPLETE
1,1,11.850000000000001,2025-02-10 09:17:04.580670,2025-02-10 09:17:05.875347,0 days 00:00:01.294677,0.3456893197591433,0.00466679366162564,0.049590286877011946,0.016081174582866967,1.6307642703234946,3.8471293666787787,COMPLETE
2,2,12.25,2025-02-10 09:17:05.875700,2025-02-10 09:17:07.293943,0 days 00:00:01.418243,0.22136195006966392,0.010372696360057661,0.07202955304514098,0.008106317340908645,0.04541779118223479,5.101320144415515,COMPLETE
3,3,11.05,2025-02-10 09:17:07.294289,2025-02-10 09:17:09.590043,0 days 00:00:02.295754,0.0581849005728778,0.002647408856520216,0.02030182239491899,0.37049716987198744,8.887516757379531,0.027904944362241575,COMPLETE
4,4,11.75,2025-02-10 09:17:09.590414,2025-02-10 09:17:11.920595,0 days 00:00:02.330181,0.023940143947494663,0.0036508385202188675,0.0027711618433724555,0.1634494199026344,3.423298121769256,0.17782858282971942,COMPLETE
5,5,11.3,2025-02-10 09:17:11.920974,2025-02-10 09:17:15.132792,0 days 00:00:03.211818,0.04878903817810431,0.8884460723095793,0.01185476540060761,0.3684779697217336,1.16726319170431,0.015905484413383023,COMPLETE
6,6,12.950000000000001,2025-02-10 09:17:15.133231,2025-02-10 09:17:16.731720,0 days 00:00:01.598489,0.026069579112977883,0.0299741951879016,0.0133164364845545,0.0020882467383257293,0.46325931682115284,0.01979053091193166,COMPLETE
7,7,12.05,2025-02-10 09:17:16.732069,2025-02-10 09:17:19.231656,0 days 00:00:02.499587,0.022432914668307307,0.1367037784144248,0.05429276726654385,0.12930919387674433,0.25606749759873776,0.12304250942164786,COMPLETE
8,8,12.25,2025-02-10 09:17:19.232003,2025-02-10 09:17:22.245450,0 days 00:00:03.013447,0.34548074038129595,0.015445203686748697,0.028727163943129484,0.3572438747186212,0.4240575490962516,12.049352921449023,COMPLETE
9,9,12.200000000000001,2025-02-10 09:17:22.245852,2025-02-10 09:17:25.102318,0 days 00:00:02.856466,0.013686039431121122,0.006324707610737172,0.08597666485841016,0.5065486233769402,2.1793016589665797,0.29648586878187727,COMPLETE
10,10,11.3,2025-02-10 09:17:25.102762,2025-02-10 09:17:26.452558,0 days 00:00:01.349796,0.9490785390997993,47.06484620703329,0.00462778125657968,0.05884274208924428,7.4090147811813045,0.9389506971737706,COMPLETE
11,11,11.9,2025-02-10 09:17:26.452979,2025-02-10 09:17:29.219607,0 days 00:00:02.766628,0.001701895988310481,0.001124425982483187,0.0010735766109711117,0.41044969289960054,9.178866097541597,0.04969064052191975,COMPLETE
12,12,12.100000000000001,2025-02-10 09:17:29.219988,2025-02-10 09:17:32.406617,0 days 00:00:03.186629,0.11153719083095584,1.660700336990952,0.022155496301680903,0.8389787506296259,9.414009030820111,0.04989399226013605,COMPLETE
13,13,10.65,2025-02-10 09:17:32.406998,2025-02-10 09:17:34.845624,0 days 00:00:02.438626,0.9740877381717572,13.26815855692919,0.00673357259854734,0.9061312955250811,3.5232458131874447,0.01147371886793182,COMPLETE
14,14,10.9,2025-02-10 09:17:34.846019,2025-02-10 09:17:36.087683,0 days 00:00:01.241664,0.9906578152275546,26.24644685750635,0.005918042926359945,0.10197611228685201,3.397541656736087,0.010088870846466395,COMPLETE
15,15,10.600000000000001,2025-02-10 09:17:36.088129,2025-02-10 09:17:38.897358,0 days 00:00:02.809229,0.9137931461369324,8.88889461823518,0.009383870143347505,0.780837001665286,0.9545204000747538,0.06701702100448771,COMPLETE
16,16,11.350000000000001,2025-02-10 09:17:38.897741,2025-02-10 09:17:41.873825,0 days 00:00:02.976084,0.38059212141551646,5.99666935744481,0.010384797985964353,0.979177690962579,0.7803404248563253,0.07188195579545334,COMPLETE
17,17,11.350000000000001,2025-02-10 09:17:41.874180,2025-02-10 09:17:43.861579,0 days 00:00:01.987399,0.13210661666061657,5.594266593416648,0.01654963015602632,0.04258284220456463,0.1826658800137925,0.5376453233146794,COMPLETE
18,18,11.65,2025-02-10 09:17:43.861969,2025-02-10 09:17:46.798865,0 days 00:00:02.936896,0.5202943318340586,2.5561337364692434,0.029596432595385597,0.19526788677805462,0.8795479438600114,0.10759149032020426,COMPLETE
19,19,11.350000000000001,2025-02-10 09:17:46.799265,2025-02-10 09:17:49.555965,0 days 00:00:02.756700,0.1881670014969003,0.563158646500407,0.007926670669424969,0.07262690673996706,0.10359956885783309,0.034466362992594216,COMPLETE
20,20,10.75,2025-02-10 09:17:49.556389,2025-02-10 09:17:51.492704,0 days 00:00:01.936315,0.5638828598504212,13.609223004447903,0.003531061946637077,0.177474296741233,0.02725360747206203,0.08273117976614164,COMPLETE
21,21,10.450000000000001,2025-02-10 09:17:51.493111,2025-02-10 09:17:54.023424,0 days 00:00:02.530313,0.9900308692408368,11.547179553347545,0.007467773538848119,0.8352345547230924,3.6349314345299923,0.012155044368363937,COMPLETE
22,22,10.350000000000001,2025-02-10 09:17:54.023853,2025-02-10 09:17:56.693503,0 days 00:00:02.669650,0.5281924803921367,4.980108835800894,0.009363828615915696,0.6062087348090295,2.0972320050448654,0.02870030366166628,COMPLETE
23,23,11.25,2025-02-10 09:17:56.693897,2025-02-10 09:17:58.239001,0 days 00:00:01.545104,0.5007469389094489,40.524224181750355,0.013580748970924357,0.26568991399797687,4.632652402691588,0.024964883581096144,COMPLETE
24,24,10.55,2025-02-10 09:17:58.239458,2025-02-10 09:18:01.286476,0 days 00:00:03.047018,0.24032744680077017,3.060278990995902,0.007947170723000831,0.5412395269413418,1.7514200611715551,0.02378808814616253,COMPLETE
25,25,10.850000000000001,2025-02-10 09:18:01.286880,2025-02-10 09:18:03.112133,0 days 00:00:01.825253,0.5783715151421734,14.875970828309821,0.004611564570787707,0.25888411999257244,2.6195298776542573,0.03876224582732504,COMPLETE
26,26,10.9,2025-02-10 09:18:03.112567,2025-02-10 09:18:05.887332,0 days 00:00:02.774765,0.10885503582650886,5.355409389397976,0.01660016812690251,0.5730138699900451,5.566151268357295,0.010411118675714396,COMPLETE
27,27,11.15,2025-02-10 09:18:05.887753,2025-02-10 09:18:07.862511,0 days 00:00:01.974758,0.29482581892402515,1.382348093194131,0.01023518776120104,0.10230553099282799,4.435594622638171,0.01693025575696754,COMPLETE
28,28,10.65,2025-02-10 09:18:07.862932,2025-02-10 09:18:10.328403,0 days 00:00:02.465471,0.6021030150091565,21.754620932995905,0.006496139874157989,0.9989954955306145,5.602780438750915,0.04519815616575419,COMPLETE
29,29,12.200000000000001,2025-02-10 09:18:10.328802,2025-02-10 09:18:11.780429,0 days 00:00:01.451627,0.33865337015168395,3.701651146791037,0.037241861027536204,0.02673497847698819,1.6907729305656325,0.018300294519797176,COMPLETE
30,30,11.100000000000001,2025-02-10 09:18:11.780952,2025-02-10 09:18:14.604459,0 days 00:00:02.823507,0.15234886833703845,8.996949596078247,0.015859267909123904,0.6076027629344812,2.726740356090112,0.15360348191717768,COMPLETE
31,31,10.75,2025-02-10 09:18:14.604902,2025-02-10 09:18:17.452973,0 days 00:00:02.848071,0.26867180266816443,3.4274858393983614,0.008384830741569121,0.5345097896100978,2.231335778204369,0.02735367408023928,COMPLETE
32,32,11.4,2025-02-10 09:18:17.453406,2025-02-10 09:18:20.155956,0 days 00:00:02.702550,0.21701027055871877,2.1095826743159547,0.011060669360177817,0.26318349527475726,1.7532925305705942,0.027343312973960886,COMPLETE
33,33,11.0,2025-02-10 09:18:20.156359,2025-02-10 09:18:22.197206,0 days 00:00:02.040847,0.4138605043015691,24.843949960632614,0.0076662146861143365,0.5061980269409179,1.4487672667562976,0.014024520446435249,COMPLETE
34,34,11.100000000000001,2025-02-10 09:18:22.197617,2025-02-10 09:18:24.650143,0 days 00:00:02.452526,0.22099843423955662,3.934506494857952,0.005425539006269129,0.277184097038291,5.585275736890752,0.02463225923081168,COMPLETE
35,35,10.200000000000001,2025-02-10 09:18:24.650715,2025-02-10 09:18:27.319629,0 days 00:00:02.668914,0.6733782882428981,8.0919191827629,0.021298977729350327,0.6192306455486201,1.3352515424508307,0.0395002031565325,COMPLETE
36,36,10.75,2025-02-10 09:18:27.320029,2025-02-10 09:18:29.717281,0 days 00:00:02.397252,0.7171128886999982,8.566419367207633,0.0211446361909162,0.3748888480523103,3.0835516294376992,0.0618469604715049,COMPLETE
37,37,10.950000000000001,2025-02-10 09:18:29.717698,2025-02-10 09:18:32.544875,0 days 00:00:02.827177,0.4431445407662572,0.798968322835829,0.013686463604573828,0.1727772172794577,1.2429719422915178,0.03954495003968633,COMPLETE
38,38,11.5,2025-02-10 09:18:32.545300,2025-02-10 09:18:34.870071,0 days 00:00:02.324771,0.7190437220526872,49.713457519441036,0.053646122465363495,0.7119672229184518,7.329148465877163,0.01612443953043838,COMPLETE
39,39,10.700000000000001,2025-02-10 09:18:34.870481,2025-02-10 09:18:36.997923,0 days 00:00:02.127442,0.6540860802084699,19.638396112835277,0.01988168142813881,0.3445172803095913,0.6457191244095027,0.09218009281757802,COMPLETE
40,40,12.15,2025-02-10 09:18:36.998299,2025-02-10 09:18:40.093500,0 days 00:00:03.095201,0.33374155516814286,0.35623515868514016,0.01176169184364555,0.6810672833759246,1.2153366677764925,0.14880750837843337,COMPLETE
41,41,12.3,2025-02-10 09:18:40.093936,2025-02-10 09:18:43.373750,0 days 00:00:03.279814,0.4238011754672501,2.087987833564659,0.009489121849899008,0.45992858430573785,2.0416047328819498,0.021053148934041897,COMPLETE
42,42,10.350000000000001,2025-02-10 09:18:43.374197,2025-02-10 09:18:45.972207,0 days 00:00:02.598010,0.7028133789705556,8.214918001205229,0.008082033968026958,0.6367829002198925,3.890703862948309,0.030171651211445882,COMPLETE
43,43,10.9,2025-02-10 09:18:45.972674,2025-02-10 09:18:48.585702,0 days 00:00:02.613028,0.7566508335180269,8.722892277715605,0.013077373667333098,0.686341054831598,3.707153193716482,0.03428665719269187,COMPLETE
44,44,11.0,2025-02-10 09:18:48.586116,2025-02-10 09:18:51.112368,0 days 00:00:02.526252,0.9881239526266575,1.165066853588801,0.009442547201703186,0.3842782626964161,9.817605847084945,0.058055005585419935,COMPLETE
45,45,11.350000000000001,2025-02-10 09:18:51.112848,2025-02-10 09:18:53.526112,0 days 00:00:02.413264,0.48156138873110427,31.998290523338877,0.026753409620836676,0.719047515447085,6.85839465902244,0.01372455079831519,COMPLETE
46,46,10.950000000000001,2025-02-10 09:18:53.526542,2025-02-10 09:18:56.263652,0 days 00:00:02.737110,0.6642988391964892,13.598883977143132,0.017341488562526614,0.9921442300694209,4.274905052506207,0.22311789100230497,COMPLETE
47,47,11.0,2025-02-10 09:18:56.264056,2025-02-10 09:18:59.063670,0 days 00:00:02.799614,0.3020462547944034,5.012722370190822,0.011773967571602834,0.4687991218065589,2.737752539247418,0.10007927083004768,COMPLETE
48,48,10.55,2025-02-10 09:18:59.064102,2025-02-10 09:19:00.539709,0 days 00:00:01.475607,0.7400082239481963,26.99235265588942,0.006545120233525695,0.3199017191274317,6.596341534431707,0.05022770864207263,COMPLETE
49,49,10.700000000000001,2025-02-10 09:19:00.540266,2025-02-10 09:19:02.668187,0 days 00:00:02.127921,0.9895429020244563,6.924171370335416,0.014637065650200645,0.229633540869013,3.8669199388023987,0.03286511772816683,COMPLETE
50,50,10.700000000000001,2025-02-10 09:19:02.668608,2025-02-10 09:19:04.914024,0 days 00:00:02.245416,0.3975528880392729,18.62930164078971,0.005099345307064014,0.4369186284745059,2.464491866592386,0.013000251496444673,COMPLETE
51,51,11.05,2025-02-10 09:19:04.914485,2025-02-10 09:19:07.748946,0 days 00:00:02.834461,0.5397607005291423,3.3990692773137323,0.008214254044897949,0.5884365469717058,1.904975579007315,0.020581996476182706,COMPLETE
52,52,10.15,2025-02-10 09:19:07.749358,2025-02-10 09:19:10.374283,0 days 00:00:02.624925,0.27544451487941357,8.803066397262494,0.007278777259175171,0.8619655270437769,1.456196880495095,0.020955606819113407,COMPLETE
53,53,11.25,2025-02-10 09:19:10.374762,2025-02-10 09:19:13.232756,0 days 00:00:02.857994,0.7453901028302862,10.625366325903157,0.006802710641306492,0.8537550893313723,1.0097072117467145,0.018902331974507403,COMPLETE
54,54,10.4,2025-02-10 09:19:13.233179,2025-02-10 09:19:15.977570,0 days 00:00:02.744391,0.3542238768420826,6.2134665992605225,0.0041485303059771795,0.7752050455908077,1.3365039536027417,0.07170215474752331,COMPLETE
55,55,11.100000000000001,2025-02-10 09:19:15.977981,2025-02-10 09:19:19.038357,0 days 00:00:03.060376,0.35923499279097837,6.637589946617401,0.004185071733357706,0.7535954639051572,1.3628594375819716,0.010243415421706883,COMPLETE
56,56,10.9,2025-02-10 09:19:19.038744,2025-02-10 09:19:21.306437,0 days 00:00:02.267693,0.17329598991999168,11.916142615959155,0.003373278810908302,0.3498341068920357,0.6080995171691392,0.07170508064128932,COMPLETE
57,57,10.850000000000001,2025-02-10 09:19:21.306855,2025-02-10 09:19:24.605034,0 days 00:00:03.298179,0.2607086270873238,1.9858227209625274,0.006079482793771372,0.984893019652868,1.031222248871627,0.03263644090071276,COMPLETE
58,58,10.600000000000001,2025-02-10 09:19:24.605470,2025-02-10 09:19:27.259647,0 days 00:00:02.654177,0.49576309444282785,4.473450328231704,0.002428239545971489,0.7484025948308344,3.2006654544089423,0.04820357746131548,COMPLETE
59,59,11.15,2025-02-10 09:19:27.260039,2025-02-10 09:19:28.523916,0 days 00:00:01.263877,0.8186955653956904,36.27009142082746,0.005368971180333287,0.13568440454044925,1.5366521027770976,0.015041408879399724,COMPLETE
60,60,11.25,2025-02-10 09:19:28.524367,2025-02-10 09:19:31.060727,0 days 00:00:02.536360,0.5872493658298097,16.402630650892558,0.007319198775425458,0.45620933744785597,2.188397467265053,0.03934147765845962,COMPLETE
61,61,11.15,2025-02-10 09:19:31.061193,2025-02-10 09:19:33.903392,0 days 00:00:02.842199,0.4294308964359517,6.783725735999975,0.00949807805927336,0.5458007748242499,3.131750398148922,0.061465197988630656,COMPLETE
62,62,11.05,2025-02-10 09:19:33.903795,2025-02-10 09:19:36.953982,0 days 00:00:03.050187,0.8014786630626968,2.7736623539721657,0.011467431314048426,0.8244078137397067,4.839341541176188,0.028359409665026668,COMPLETE
63,63,10.950000000000001,2025-02-10 09:19:36.954388,2025-02-10 09:19:39.079663,0 days 00:00:02.125275,0.30823348664547323,11.586344929451146,0.008397311283971838,0.5659570218302808,8.542029028918051,0.08435883884247031,COMPLETE
64,64,10.850000000000001,2025-02-10 09:19:39.080286,2025-02-10 09:19:41.563595,0 days 00:00:02.483309,0.5234557060888927,4.9558993365280575,0.01272226741347147,0.21781573914410654,2.3162547986916557,0.02089902676613332,COMPLETE
65,65,11.05,2025-02-10 09:19:41.563998,2025-02-10 09:19:43.720311,0 days 00:00:02.156313,0.9918974730962945,16.88334452828485,0.010789570888690585,0.30437118424984494,0.8538183669132398,0.12544034633016743,COMPLETE
66,66,10.3,2025-02-10 09:19:43.720721,2025-02-10 09:19:46.377829,0 days 00:00:02.657108,0.3678352644253487,8.771491016382088,0.006117459583256314,0.622593060284529,1.5118961535758495,0.04672796744289501,COMPLETE
67,67,10.5,2025-02-10 09:19:46.378234,2025-02-10 09:19:48.993902,0 days 00:00:02.615668,0.2523458945949617,9.753866038147596,0.0059363588118586325,0.6477207273299457,1.5007002723706075,0.0461857856934038,COMPLETE
68,68,10.700000000000001,2025-02-10 09:19:48.994311,2025-02-10 09:19:51.798549,0 days 00:00:02.804238,0.3648549106311919,7.134679235247615,0.007457116501687635,0.4196085082500931,1.2139713601789968,0.026961943137273608,COMPLETE
69,69,10.9,2025-02-10 09:19:51.798936,2025-02-10 09:19:54.292142,0 days 00:00:02.493206,0.20178613778197269,24.264149689209393,0.004702297647347904,0.8296290024134911,1.924598081511873,0.012331706312074869,COMPLETE
70,70,13.450000000000001,2025-02-10 09:19:54.292547,2025-02-10 09:19:57.679083,0 days 00:00:03.386536,0.63748849248695,2.7401775801635724,0.006610152864238582,0.6487933445299149,1.5243616875579478,0.01571750263937889,COMPLETE
71,71,11.05,2025-02-10 09:19:57.679507,2025-02-10 09:20:00.454764,0 days 00:00:02.775257,0.5738584452326303,5.044225541078385,0.008597090262158104,0.5141657411521297,3.8836811659246626,0.074848079020621,COMPLETE
72,72,10.700000000000001,2025-02-10 09:20:00.455189,2025-02-10 09:20:03.070708,0 days 00:00:02.615519,0.44635919523313755,12.486870666319,0.010157275769940242,0.8874584333094473,2.626146386888967,0.04012564611275177,COMPLETE
73,73,10.850000000000001,2025-02-10 09:20:03.071127,2025-02-10 09:20:05.675672,0 days 00:00:02.604545,0.810729076703589,3.9410971498859233,0.005761516101891636,0.37133620451449467,5.0592945970298935,0.05641718244002009,COMPLETE
74,74,10.350000000000001,2025-02-10 09:20:05.676091,2025-02-10 09:20:08.545251,0 days 00:00:02.869160,0.3515636293445805,8.107867900445083,0.014436395361539827,0.9932487178668098,0.725717337620572,0.02238429510863023,COMPLETE
75,75,10.3,2025-02-10 09:20:08.545656,2025-02-10 09:20:11.552947,0 days 00:00:03.007291,0.2921573059920406,9.493964962356221,0.014969965969509136,0.9673463968177333,0.778145042219024,0.02441614981750054,COMPLETE
76,76,10.950000000000001,2025-02-10 09:20:11.553374,2025-02-10 09:20:14.511206,0 days 00:00:02.957832,0.28188365060467396,7.668165758994658,0.019195531974840082,0.9888614541047421,0.819809856115997,0.029931552862211035,COMPLETE
77,77,10.9,2025-02-10 09:20:14.511753,2025-02-10 09:20:17.021916,0 days 00:00:02.510163,0.19434296863408226,18.965525547719608,0.014427645139942488,0.6113717998923852,1.0610402083499324,0.02132457141161054,COMPLETE
78,78,10.5,2025-02-10 09:20:17.022344,2025-02-10 09:20:19.977655,0 days 00:00:02.955311,0.3528575837433576,6.139322783746357,0.023285392715862736,0.7510415526524055,0.6880003196425811,0.023091590519811654,COMPLETE
79,79,11.15,2025-02-10 09:20:19.978080,2025-02-10 09:20:22.725544,0 days 00:00:02.747464,0.11085650499501379,9.563740518515717,0.016151060399034543,0.4849837691493208,0.48453234617656016,0.032921450769330736,COMPLETE
80,80,10.8,2025-02-10 09:20:22.725974,2025-02-10 09:20:25.001228,0 days 00:00:02.275254,0.14671963810501157,30.20695672705391,0.0185948565556775,0.6368922874654315,1.1934914471369553,0.03853279602194415,COMPLETE
81,81,10.350000000000001,2025-02-10 09:20:25.001664,2025-02-10 09:20:27.507711,0 days 00:00:02.506047,0.4971338845841443,14.528832730805403,0.009053535189985553,0.8115234741096438,1.8623801054982374,0.018527359145893353,COMPLETE
82,82,11.15,2025-02-10 09:20:27.508138,2025-02-10 09:20:30.502761,0 days 00:00:02.994623,0.23922445498072067,8.299629646870363,0.011980489628195576,0.8202975690859644,1.6555426805540896,0.017012263189620288,COMPLETE
83,83,11.05,2025-02-10 09:20:30.503197,2025-02-10 09:20:32.786769,0 days 00:00:02.283572,0.31253553639145637,14.267634309105334,0.009123776368445703,0.425998536944978,1.8983213382373607,0.02474017912632131,COMPLETE
84,84,10.8,2025-02-10 09:20:32.787181,2025-02-10 09:20:35.935411,0 days 00:00:03.148230,0.4838287750723918,4.107313619791046,0.010509674360841301,0.6874208930352091,0.7687917443987701,0.02893106641928039,COMPLETE
85,85,10.05,2025-02-10 09:20:35.935875,2025-02-10 09:20:38.134768,0 days 00:00:02.198893,0.41516675501643635,20.042035605844877,0.012590525862211883,0.9832431671806625,1.4201542315921305,0.01784589308327798,COMPLETE
86,86,11.05,2025-02-10 09:20:38.135186,2025-02-10 09:20:40.817005,0 days 00:00:02.681819,0.4077165562608443,22.472621131076032,0.014348866472727137,0.9619217718342512,0.9117379433059373,0.01832417942096036,COMPLETE
87,87,10.55,2025-02-10 09:20:40.817395,2025-02-10 09:20:42.734464,0 days 00:00:01.917069,0.6224843451428608,41.35553043071746,0.015648668106451692,0.5413122081057664,1.070607039447397,0.01175911471315682,COMPLETE
88,88,10.8,2025-02-10 09:20:42.734891,2025-02-10 09:20:44.785430,0 days 00:00:02.050539,0.47130328304000507,16.19676967475183,0.009004878120470758,0.31023697995236243,2.089979376660513,0.01459302413536074,COMPLETE
89,89,10.9,2025-02-10 09:20:44.785856,2025-02-10 09:20:47.293937,0 days 00:00:02.508081,0.27156647413173873,33.291480569392114,0.013334832597123725,0.8618142564852888,1.3093301708755676,0.023070506518645218,COMPLETE
90,90,10.75,2025-02-10 09:20:47.294353,2025-02-10 09:20:49.956246,0 days 00:00:02.661893,0.6626586686730107,10.538505491800997,0.01785110611393155,0.6247531026763135,1.7417721329425822,0.018528114290256123,COMPLETE
91,91,10.700000000000001,2025-02-10 09:20:49.956699,2025-02-10 09:20:52.772748,0 days 00:00:02.816049,0.3809039520853507,5.285073530045832,0.007207936733677747,0.7823571692118786,1.2502767030995847,0.042388386666881696,COMPLETE
92,92,10.65,2025-02-10 09:20:52.773146,2025-02-10 09:20:55.518409,0 days 00:00:02.745263,0.33342556104087506,13.349579715234967,0.010662314747511588,0.9834873611567045,0.9163516551941828,0.0340547140649406,COMPLETE
93,93,11.700000000000001,2025-02-10 09:20:55.518918,2025-02-10 09:20:58.495417,0 days 00:00:02.976499,0.5543180137710048,7.816248200953009,0.012068980610148905,0.7196900905752243,1.4169290345750523,0.024990997307785784,COMPLETE
94,94,10.75,2025-02-10 09:20:58.495869,2025-02-10 09:21:00.631625,0 days 00:00:02.135756,0.2373244511718879,20.30263602533733,0.008114096849348532,0.4712398938161355,2.4495111625930805,0.052714224140730126,COMPLETE
95,95,10.55,2025-02-10 09:21:00.632115,2025-02-10 09:21:03.674307,0 days 00:00:03.042192,0.3968190223875552,5.898264162886835,0.013099185320255589,0.5420052957998456,1.6527537835595394,0.01638198117911373,COMPLETE
96,96,11.05,2025-02-10 09:21:03.674741,2025-02-10 09:21:06.140288,0 days 00:00:02.465547,0.4829635690978353,10.229383934909258,0.015208259170582432,0.3898002887661067,1.0827115714873539,0.028937518663350426,COMPLETE
97,97,10.450000000000001,2025-02-10 09:21:06.140722,2025-02-10 09:21:09.032081,0 days 00:00:02.891359,0.2944204306623523,3.2532277471448263,0.009388874468409107,0.8296382622399338,2.967909310868031,0.021501596442829993,COMPLETE
98,98,11.100000000000001,2025-02-10 09:21:09.032576,2025-02-10 09:21:11.450511,0 days 00:00:02.417935,0.5631364113133086,15.311549019654217,0.021350026077913562,0.605294345610402,2.1532112102235526,0.045976882996929196,COMPLETE
99,99,10.75,2025-02-10 09:21:11.451035,2025-02-10 09:21:13.812344,0 days 00:00:02.361309,0.8603919645581319,24.5986370628516,0.010076939022800557,0.7108772693448612,1.3606221573989252,0.01387785494070383,COMPLETE
100,100,10.450000000000001,2025-02-10 09:21:13.812769,2025-02-10 09:21:16.853343,0 days 00:00:03.040574,0.17548230492579242,6.237955236648038,0.00703176632793916,0.8723129328675389,0.7435393616688423,0.01833443851842846,COMPLETE
101,101,10.700000000000001,2025-02-10 09:21:16.853779,2025-02-10 09:21:19.885823,0 days 00:00:03.032044,0.8595010237403441,9.006168764314113,0.007981186941381231,0.7781865388831164,1.7736023340241363,0.013559112865064898,COMPLETE
102,102,10.9,2025-02-10 09:21:19.886218,2025-02-10 09:21:22.195192,0 days 00:00:02.308974,0.6370512885022565,12.904252945832873,0.006587701526501605,0.5163838438234487,2.8351940339764217,0.010469298825732451,COMPLETE
103,103,10.5,2025-02-10 09:21:22.195681,2025-02-10 09:21:24.796290,0 days 00:00:02.600609,0.7675358693229576,11.168674403746872,0.007583748240583193,0.6579905016067348,3.5487596088909115,0.034108866348721845,COMPLETE
104,104,11.0,2025-02-10 09:21:24.796789,2025-02-10 09:21:27.907257,0 days 00:00:03.110468,0.702459598180649,4.445648713740748,0.008791419530127227,0.9868035291099282,2.2640052861138926,0.011962878279983756,COMPLETE
105,105,11.05,2025-02-10 09:21:27.907690,2025-02-10 09:21:30.228537,0 days 00:00:02.320847,0.4424968788902994,19.640389718361487,0.006170782953707548,0.4259367640419164,0.5670620744282476,0.0199241609132194,COMPLETE
106,106,10.700000000000001,2025-02-10 09:21:30.228949,2025-02-10 09:21:33.337707,0 days 00:00:03.108758,0.34572695730680375,7.535038466362906,0.016959162630365034,0.8804875828264012,0.995492068178825,0.023684568055164723,COMPLETE
107,107,10.65,2025-02-10 09:21:33.338181,2025-02-10 09:21:35.784080,0 days 00:00:02.445899,0.5062146960331111,16.535925530654865,0.01119134909998444,0.5892357509184835,2.0168086359375996,0.027267859922487772,COMPLETE
108,108,10.950000000000001,2025-02-10 09:21:35.784605,2025-02-10 09:21:38.259445,0 days 00:00:02.474840,0.882293753920571,27.316299315089893,0.012712772404133264,0.6818447396483125,1.5115558562391425,0.0649830258880114,COMPLETE
109,109,10.950000000000001,2025-02-10 09:21:38.259958,2025-02-10 09:21:41.427485,0 days 00:00:03.167527,0.40784751693050436,5.345944739689185,0.007062921499292521,0.7669445370580574,1.157327736497184,0.05395309279375885,COMPLETE
110,110,10.9,2025-02-10 09:21:41.427963,2025-02-10 09:21:44.368613,0 days 00:00:02.940650,0.7130956889111391,3.712037359950285,0.008433644917334856,0.4692519745505457,2.430905178786664,0.036290268787892405,COMPLETE
111,111,11.350000000000001,2025-02-10 09:21:44.369109,2025-02-10 09:21:47.851414,0 days 00:00:03.482305,0.29100807628658265,3.3002855185395616,0.009457727024321691,0.868155083927432,3.0668748255187266,0.020451428268363516,COMPLETE
112,112,10.65,2025-02-10 09:21:47.851853,2025-02-10 09:21:50.413695,0 days 00:00:02.561842,0.21588355633150813,8.986322646404139,0.010080540089869711,0.7746863103966385,3.042218777238594,0.016645346357167978,COMPLETE
113,113,11.600000000000001,2025-02-10 09:21:50.414113,2025-02-10 09:21:53.422604,0 days 00:00:03.008491,0.31397909046288025,6.688998691592775,0.0110814924781855,0.5836238357779124,3.9875707549134884,0.022499759286083398,COMPLETE
114,114,11.700000000000001,2025-02-10 09:21:53.423065,2025-02-10 09:21:56.707369,0 days 00:00:03.284304,0.25713565353971096,2.6227515643700405,0.0057626883576746895,0.8887569371282414,2.703818918417353,0.03937251636818621,COMPLETE
115,115,10.75,2025-02-10 09:21:56.707807,2025-02-10 09:21:59.367272,0 days 00:00:02.659465,0.5459155144566308,11.874086682415209,0.007890797980186,0.6855112476818884,1.8362434510574637,0.030535067182985372,COMPLETE
116,116,10.55,2025-02-10 09:21:59.367716,2025-02-10 09:22:02.129442,0 days 00:00:02.761726,0.35902898989489634,4.58719804057731,0.009208280582277495,0.5176278216950194,1.504637085816427,0.013152678495781018,COMPLETE
117,117,10.700000000000001,2025-02-10 09:22:02.129852,2025-02-10 09:22:04.808632,0 days 00:00:02.678780,0.441893489896693,8.360062319060786,0.014682085303604566,0.8044791846879878,0.8181071371820724,0.0154183467451722,COMPLETE
118,118,11.05,2025-02-10 09:22:04.809027,2025-02-10 09:22:07.564603,0 days 00:00:02.755576,0.5979085166312476,14.927179344744198,0.005107651258924983,0.9951142383371112,3.4479503620598395,0.0451953806115329,COMPLETE
119,119,10.9,2025-02-10 09:22:07.565082,2025-02-10 09:22:10.075850,0 days 00:00:02.510768,0.38509861383087673,10.344646468001265,0.011889261453393977,0.3751559627984258,1.253253952850801,0.025422903574504854,COMPLETE
120,120,10.25,2025-02-10 09:22:10.076289,2025-02-10 09:22:12.993044,0 days 00:00:02.916755,0.29508856014284174,3.1947903486481017,0.006540513883919122,0.5838847133682262,0.9581289412464998,0.020422334245657175,COMPLETE
121,121,11.15,2025-02-10 09:22:12.993483,2025-02-10 09:22:16.113983,0 days 00:00:03.120500,0.30902648900094926,2.334221648141006,0.0069442185855179365,0.5900118640029287,0.9882833668358111,0.030992469777814953,COMPLETE
122,122,13.25,2025-02-10 09:22:16.114573,2025-02-10 09:22:19.751485,0 days 00:00:03.636912,0.21272769035294378,1.85156419463541,0.006282474636362177,0.7223228870100312,0.6985153056174614,0.020073315943992285,COMPLETE
123,123,12.200000000000001,2025-02-10 09:22:19.751988,2025-02-10 09:22:23.164242,0 days 00:00:03.412254,0.28905125008891647,2.967318805745333,0.0075046787157431235,0.8621696900764864,1.6381016594111157,0.01834473107072408,COMPLETE
124,124,11.55,2025-02-10 09:22:23.164764,2025-02-10 09:22:26.422590,0 days 00:00:03.257826,0.23851491607477707,5.676629238129212,0.00990539067231821,0.6299686551735483,1.412299157775307,0.022967574713697612,COMPLETE
125,125,10.450000000000001,2025-02-10 09:22:26.423085,2025-02-10 09:22:28.940012,0 days 00:00:02.516927,0.4823301904709631,7.3426295568253845,0.00860502579783869,0.4969644535085384,4.492709701256715,0.015817751310128768,COMPLETE
126,126,10.15,2025-02-10 09:22:28.940445,2025-02-10 09:22:31.864941,0 days 00:00:02.924496,0.666881529221677,3.8422668779611566,0.0055345587218352775,0.7910731402314914,1.1654464516495622,0.036118302014563314,COMPLETE
127,127,11.200000000000001,2025-02-10 09:22:31.865396,2025-02-10 09:22:34.704846,0 days 00:00:02.839450,0.8971448946708797,4.404067510299905,0.005409619090034051,0.4173429464754686,1.1575501929869751,0.02728592003930907,COMPLETE
128,128,10.9,2025-02-10 09:22:34.705314,2025-02-10 09:22:37.897025,0 days 00:00:03.191711,0.6860768917310847,1.5389382919092922,0.004933603010079305,0.680753208842986,0.9528257566523475,0.037877531114822754,COMPLETE
129,129,10.65,2025-02-10 09:22:37.897468,2025-02-10 09:22:40.937716,0 days 00:00:03.040248,0.5894232163176665,6.060964199174282,0.0042191899197738135,0.9984707965152666,0.8486625491678601,0.032063952629906516,COMPLETE
130,130,10.450000000000001,2025-02-10 09:22:40.938146,2025-02-10 09:22:43.120994,0 days 00:00:02.182848,0.5345758739745167,12.489732742456516,0.005464366958126805,0.3193415165723309,0.6549821400585083,0.05050429522599417,COMPLETE
131,131,10.450000000000001,2025-02-10 09:22:43.121445,2025-02-10 09:22:46.040772,0 days 00:00:02.919327,0.37267689694656286,3.690154475020022,0.00624039757974035,0.7870497287488556,1.9269929889924589,0.021681491792372016,COMPLETE
132,132,11.75,2025-02-10 09:22:46.041218,2025-02-10 09:22:48.631184,0 days 00:00:02.589966,0.4156797977973903,2.3332855482100823,0.007697975519852719,0.864463638204495,1.3301754203525955,0.025355318420517036,COMPLETE
133,133,11.3,2025-02-10 09:22:48.631599,2025-02-10 09:22:51.295465,0 days 00:00:02.663866,0.7422642033585362,9.145261238629171,0.006755933488344517,0.5489731019496791,2.269216210379442,0.011170303770948168,COMPLETE
134,134,11.0,2025-02-10 09:22:51.295908,2025-02-10 09:22:54.356864,0 days 00:00:03.060956,0.9889112121606328,4.9594107214254075,0.008971416679839054,0.774625345902838,1.0953860203670924,0.018079363584550284,COMPLETE
135,135,10.05,2025-02-10 09:22:54.357340,2025-02-10 09:22:56.979834,0 days 00:00:02.622494,0.2737206366602643,6.685130255799299,0.00590753924484133,0.6388475226954905,1.6051781908754619,0.04304274620082745,COMPLETE
136,136,10.8,2025-02-10 09:22:56.980267,2025-02-10 09:22:59.784212,0 days 00:00:02.803945,0.1889677212632675,7.6272059955061255,0.0057146929243509495,0.6256519320439244,1.635091196504898,0.04293717595886346,COMPLETE
137,137,11.05,2025-02-10 09:22:59.784871,2025-02-10 09:23:02.135482,0 days 00:00:02.350611,0.3311926608557865,22.118439429172184,0.004411409047151613,0.538918429066568,1.301369034596214,0.06368795887907419,COMPLETE
138,138,10.75,2025-02-10 09:23:02.136019,2025-02-10 09:23:04.824065,0 days 00:00:02.688046,0.45686736057549515,11.477949361837693,0.004846775573602539,0.4544279586205738,0.8709731353395789,0.03407973113505848,COMPLETE
139,139,10.0,2025-02-10 09:23:04.824510,2025-02-10 09:23:07.290208,0 days 00:00:02.465698,0.09376583655243186,17.082325024153455,0.006239008152478226,0.7161402427303158,0.5582905824533566,0.028343142741349234,COMPLETE
140,140,10.65,2025-02-10 09:23:07.290640,2025-02-10 09:23:09.783973,0 days 00:00:02.493333,0.25202301808426375,17.013871120045945,0.005880433475187515,0.6888695564126497,0.6102866811452252,0.05598426793530052,COMPLETE
141,141,11.700000000000001,2025-02-10 09:23:09.784418,2025-02-10 09:23:13.184892,0 days 00:00:03.400474,0.05700302650937762,10.058746008447761,0.006585951538923131,0.9098088555260124,0.5117018807629135,0.028750332300318125,COMPLETE
142,142,10.9,2025-02-10 09:23:13.185374,2025-02-10 09:23:16.099623,0 days 00:00:02.914249,0.12950064884717327,7.734909958348702,0.007453356585548896,0.7355522479596125,0.7819811389661081,0.041471607936877763,COMPLETE
143,143,10.950000000000001,2025-02-10 09:23:16.100081,2025-02-10 09:23:19.233415,0 days 00:00:03.133334,0.08954314569361345,6.423173034129021,0.003979567436476427,0.9962079433751614,1.0652043864432974,0.033799393475162996,COMPLETE
144,144,10.450000000000001,2025-02-10 09:23:19.233861,2025-02-10 09:23:21.584676,0 days 00:00:02.350815,0.6651326166973056,14.376515949552767,0.006100448174263045,0.5726487808507247,0.3291253180523416,0.0838487963061614,COMPLETE
145,145,10.8,2025-02-10 09:23:21.585118,2025-02-10 09:23:24.111830,0 days 00:00:02.526712,0.2724212130153391,19.875569535469626,0.02314566645010836,0.6325359396469779,1.4739891026847736,0.025328483789219976,COMPLETE
146,146,10.600000000000001,2025-02-10 09:23:24.112258,2025-02-10 09:23:26.315172,0 days 00:00:02.202914,0.34426660115865604,30.406832873610636,0.005268034847347945,0.47915595269241956,0.9335206245708019,0.047074800790049144,COMPLETE
147,147,10.350000000000001,2025-02-10 09:23:26.315598,2025-02-10 09:23:29.112972,0 days 00:00:02.797374,0.21989701784536242,13.689020398074744,0.007990007550634977,0.7826071562877193,1.8449654264556454,0.015106329756160405,COMPLETE
148,148,11.15,2025-02-10 09:23:29.113426,2025-02-10 09:23:31.063151,0 days 00:00:01.949725,0.16800135053172394,13.961792053042165,0.013875356466648708,0.07135484867804377,2.0399272076646047,0.03686921178851332,COMPLETE
149,149,10.200000000000001,2025-02-10 09:23:31.063620,2025-02-10 09:23:33.952655,0 days 00:00:02.889035,0.215698925244354,5.567017898165059,0.0046585137251280925,0.7680447139568458,1.7844786282688763,0.02907499827198,COMPLETE
150,150,11.850000000000001,2025-02-10 09:23:33.953050,2025-02-10 09:23:36.340734,0 days 00:00:02.387684,0.21418430303611807,40.141731508626314,0.019406513016233085,0.6830887146201154,1.7765949209938392,0.014393036299182062,COMPLETE
151,151,10.950000000000001,2025-02-10 09:23:36.341259,2025-02-10 09:23:39.418756,0 days 00:00:03.077497,0.266730172459146,6.691372520366433,0.004708212713809149,0.8074312293819358,1.1938398231035066,0.03017585639779348,COMPLETE
152,152,11.15,2025-02-10 09:23:39.419221,2025-02-10 09:23:42.470338,0 days 00:00:03.051117,0.21205115566533747,5.260143978285943,0.0039052944658682608,0.892939310238047,1.508309869950391,0.02626635496084284,COMPLETE
153,153,10.5,2025-02-10 09:23:42.470755,2025-02-10 09:23:45.099377,0 days 00:00:02.628622,0.38023076505798026,9.247472991228614,0.005159614920837081,0.7242830255136012,1.7634064583170788,0.02091959196781508,COMPLETE
154,154,10.75,2025-02-10 09:23:45.099774,2025-02-10 09:23:47.877634,0 days 00:00:02.777860,0.3130166136564752,3.823567378491612,0.006839953831505848,0.5746389107462613,1.2504105832704027,0.03831376844243047,COMPLETE
155,155,10.8,2025-02-10 09:23:47.878083,2025-02-10 09:23:50.332936,0 days 00:00:02.454853,0.24018404635759222,11.375539594468059,0.008219831457078814,0.7706480044537728,2.0302456299299583,0.018962353005831777,COMPLETE
156,156,10.8,2025-02-10 09:23:50.333417,2025-02-10 09:23:53.010882,0 days 00:00:02.677465,0.15784833078292462,4.806381182513046,0.015955582463867926,0.4045286212909324,0.7044021599999906,0.0719101997651774,COMPLETE
157,157,11.05,2025-02-10 09:23:53.011355,2025-02-10 09:23:55.357046,0 days 00:00:02.345691,0.19327419977356444,17.938540122846838,0.0047104402705336395,0.619509569963634,2.5510434908402444,0.023289655515693015,COMPLETE
158,158,10.55,2025-02-10 09:23:55.357499,2025-02-10 09:23:58.349347,0 days 00:00:02.991848,0.494484560070579,8.68398941712239,0.0061040372436083155,0.9939719483009297,1.4077106178640486,0.016458015224778987,COMPLETE
159,159,11.25,2025-02-10 09:23:58.349917,2025-02-10 09:23:59.745919,0 days 00:00:01.396002,0.41674039771682725,6.104946004741063,0.010664677950138106,0.031538856673615355,1.0595421989432348,0.028248087889548922,COMPLETE
160,160,11.05,2025-02-10 09:23:59.746328,2025-02-10 09:24:01.438539,0 days 00:00:01.692211,0.33284322973933067,25.96285942212334,0.017564855774754657,0.13835691739924372,1.6148269531235153,0.044041131085732974,COMPLETE
161,161,10.950000000000001,2025-02-10 09:24:01.438986,2025-02-10 09:24:04.359125,0 days 00:00:02.920139,0.27358836748876175,12.999114379163375,0.00720413761146642,0.8639337107566798,0.5418010431842201,0.01161999032139318,COMPLETE
162,162,11.100000000000001,2025-02-10 09:24:04.359600,2025-02-10 09:24:07.224612,0 days 00:00:02.865012,0.5575220979041882,10.895236910786602,0.005596654211046495,0.7260728641590171,0.42946433990721145,0.013040944257387365,COMPLETE
163,163,11.15,2025-02-10 09:24:07.225047,2025-02-10 09:24:10.277584,0 days 00:00:03.052537,0.2348588155590274,7.278463372010155,0.008158317781429678,0.822629661428696,2.2262802471523173,0.014757682111063156,COMPLETE
164,164,10.9,2025-02-10 09:24:10.278015,2025-02-10 09:24:12.671622,0 days 00:00:02.393607,0.45051245171382776,17.391772157251705,0.006416791289961481,0.5118168410769909,1.8506612834910532,0.01781216509127361,COMPLETE
165,165,10.700000000000001,2025-02-10 09:24:12.672075,2025-02-10 09:24:15.773699,0 days 00:00:03.101624,0.8306244960020958,2.9225633528806503,0.007447762737293315,0.6454573654313726,1.3335740239521254,0.0309271606810664,COMPLETE
166,166,11.0,2025-02-10 09:24:15.774120,2025-02-10 09:24:18.942731,0 days 00:00:03.168611,0.37620732346574093,4.14324227804758,0.01220629158205507,0.8980953147368338,0.7596576884311926,0.022613337116558364,COMPLETE
167,167,11.0,2025-02-10 09:24:18.943172,2025-02-10 09:24:21.709179,0 days 00:00:02.766007,0.2968194344007072,8.904416938163264,0.026663869086477273,0.7206972672303629,2.5440431357821116,0.05542783053525972,COMPLETE
168,168,10.25,2025-02-10 09:24:21.709598,2025-02-10 09:24:24.550669,0 days 00:00:02.841071,0.6259582794404148,1.1798356026123018,0.009721446957698979,0.5597665174537698,0.9194166218190142,0.036511096619530926,COMPLETE
169,169,11.05,2025-02-10 09:24:24.551195,2025-02-10 09:24:25.720913,0 days 00:00:01.169718,0.6308516118503982,1.0792940780423457,0.009803334905269146,0.02046268122204522,0.9295390838430097,0.03568959840186169,COMPLETE
170,170,10.350000000000001,2025-02-10 09:24:25.721389,2025-02-10 09:24:28.407135,0 days 00:00:02.685746,0.5090824431639734,4.939625238448685,0.00861645877267398,0.4690605434033277,1.1342697491683154,0.026261235443593496,COMPLETE
171,171,10.700000000000001,2025-02-10 09:24:28.407586,2025-02-10 09:24:31.049770,0 days 00:00:02.642184,0.5123382809807634,5.547930244172457,0.0086571647958916,0.5603220595958014,1.1301215991900568,0.025183868751151844,COMPLETE
172,172,10.25,2025-02-10 09:24:31.050233,2025-02-10 09:24:33.918899,0 days 00:00:02.868666,0.43558517904394706,3.5576514032120876,0.011473767312330081,0.4644236027917719,0.6211181734580389,0.031581945849467566,COMPLETE
173,173,11.15,2025-02-10 09:24:33.919382,2025-02-10 09:24:36.780799,0 days 00:00:02.861417,0.5816254520216088,2.0503241673022616,0.010437268339748377,0.3419642347228087,0.6453555066041586,0.02965269014942997,COMPLETE
174,174,10.9,2025-02-10 09:24:36.781286,2025-02-10 09:24:39.810949,0 days 00:00:03.029663,0.44265810378890147,2.9773934833877234,0.011250369551104698,0.45988391216963687,0.8049588142460707,0.019789906948467193,COMPLETE
175,175,11.25,2025-02-10 09:24:39.811386,2025-02-10 09:24:42.859094,0 days 00:00:03.047708,0.031902924997727934,3.650693756245731,0.013668420478906183,0.5090851491788652,0.6201232151339728,0.03354753905812176,COMPLETE
176,176,11.200000000000001,2025-02-10 09:24:42.859618,2025-02-10 09:24:44.546211,0 days 00:00:01.686593,0.5139505504856202,0.7813538995742491,0.009181583771823728,0.04406695627808061,0.9795290659325727,0.026421947042826882,COMPLETE
177,177,11.0,2025-02-10 09:24:44.546657,2025-02-10 09:24:47.398566,0 days 00:00:02.851909,0.7469207829377557,4.47805463993222,0.009935637910093041,0.3749405214322457,0.49223173660139274,0.04168788024102615,COMPLETE
178,178,10.65,2025-02-10 09:24:47.399024,2025-02-10 09:24:49.943067,0 days 00:00:02.544043,0.6510218567735045,1.686934198929411,0.011587943239377518,0.6250482897010442,1.6132059229080056,0.41123903684036583,COMPLETE
179,179,11.950000000000001,2025-02-10 09:24:49.943513,2025-02-10 09:24:53.248242,0 days 00:00:03.304729,0.3835569520612696,2.3496577901704834,0.01311158973738605,0.4419914318992398,0.8453559010137435,0.0229578831329321,COMPLETE
180,180,10.100000000000001,2025-02-10 09:24:53.248687,2025-02-10 09:24:55.799308,0 days 00:00:02.550621,0.321251270839577,6.644694553770306,0.00787381347052662,0.5514783035195925,1.157671262095021,0.03584394275734057,COMPLETE
181,181,10.600000000000001,2025-02-10 09:24:55.799775,2025-02-10 09:24:58.522752,0 days 00:00:02.722977,0.29581160620175817,5.374969999385138,0.008077598217960018,0.560601115589055,1.1392841404237533,0.03663062656514391,COMPLETE
182,182,10.8,2025-02-10 09:24:58.523193,2025-02-10 09:25:00.828320,0 days 00:00:02.305127,0.33737513471011116,7.065231603252281,0.006918382524753873,0.2579761252317011,1.4039754329208591,0.0304339242774434,COMPLETE
183,183,10.75,2025-02-10 09:25:00.828782,2025-02-10 09:25:04.158433,0 days 00:00:03.329651,0.4268054057502654,3.3700045133917964,0.008764648376074477,0.6625131365472604,0.7066587337126724,0.04534185071513595,COMPLETE
184,184,10.75,2025-02-10 09:25:04.158855,2025-02-10 09:25:06.874044,0 days 00:00:02.715189,0.25236616729050126,4.269406793665433,0.007607179237127703,0.4956670462180295,1.0112926840129088,0.02710030374031379,COMPLETE
185,185,11.850000000000001,2025-02-10 09:25:06.874452,2025-02-10 09:25:09.564118,0 days 00:00:02.689666,0.18104562040000025,0.17040332536969158,0.00925990455396817,0.18678021981011866,1.2304005066395365,0.04883411830513527,COMPLETE
186,186,11.200000000000001,2025-02-10 09:25:09.564593,2025-02-10 09:25:12.602095,0 days 00:00:03.037502,0.48307420056643097,8.359264500638291,0.006520016992213896,0.7788933797448504,0.5666578114211948,0.01980878234152813,COMPLETE
187,187,12.9,2025-02-10 09:25:12.602644,2025-02-10 09:25:16.336482,0 days 00:00:03.733838,0.13482536680325283,0.3803285789641739,0.015601385070577829,0.5987622659173961,0.886565007342468,0.20466837348218148,COMPLETE
188,188,11.8,2025-02-10 09:25:16.336978,2025-02-10 09:25:17.548741,0 days 00:00:01.211763,0.34519478963190653,6.648441475647998,0.012114062150742693,0.007633005886464651,1.5578000508994656,0.03325218233184337,COMPLETE
189,189,11.05,2025-02-10 09:25:17.549179,2025-02-10 09:25:20.093801,0 days 00:00:02.544622,0.2101812440050908,10.110537234009914,0.010848812313454298,0.4023179448837667,1.8553778153904044,0.0392886878039557,COMPLETE
190,190,10.700000000000001,2025-02-10 09:25:20.094261,2025-02-10 09:25:22.980882,0 days 00:00:02.886621,0.5849738162396656,5.116510691238458,0.008313746413242392,0.687623287447445,1.1393319676950646,0.017139352064020737,COMPLETE
191,191,11.3,2025-02-10 09:25:22.981358,2025-02-10 09:25:26.113177,0 days 00:00:03.131819,0.4066241757877789,6.108070155413471,0.005833432161825203,0.8771727506138367,1.404818462575743,0.0240015234871374,COMPLETE
192,192,10.4,2025-02-10 09:25:26.113648,2025-02-10 09:25:28.950924,0 days 00:00:02.837276,0.3100752786683242,7.478296849782556,0.014438463337506485,0.774776849539468,1.2523109385106483,0.12110904821107565,COMPLETE
193,193,11.75,2025-02-10 09:25:28.951370,2025-02-10 09:25:31.895484,0 days 00:00:02.944114,0.09035951559764668,13.851990966963244,0.007163400268708312,0.9977094053502892,1.649143754731447,0.06273185525447655,COMPLETE
194,194,11.05,2025-02-10 09:25:31.895936,2025-02-10 09:25:34.807860,0 days 00:00:02.911924,0.2649440646857768,4.336030631730439,0.005207203752652248,0.5567973052857756,1.0145691431214523,0.05004926899187092,COMPLETE
195,195,10.850000000000001,2025-02-10 09:25:34.808306,2025-02-10 09:25:37.471786,0 days 00:00:02.663480,0.346043696292157,9.854800325029581,0.004513281573566185,0.6897324892234172,0.7254927874706861,0.031030378091706574,COMPLETE
196,196,11.15,2025-02-10 09:25:37.472247,2025-02-10 09:25:40.828756,0 days 00:00:03.356509,0.5069767881406352,1.360984864653317,0.007851517523796326,0.7805085784863862,2.1053447825511755,0.03783272991930355,COMPLETE
197,197,10.9,2025-02-10 09:25:40.829306,2025-02-10 09:25:43.879646,0 days 00:00:03.050340,0.41680884734197443,5.626697751407189,0.00986308047333305,0.8805156983234882,1.3836575575418566,0.02787521963589557,COMPLETE
198,198,10.950000000000001,2025-02-10 09:25:43.880174,2025-02-10 09:25:47.256239,0 days 00:00:03.376065,0.3749062698168948,2.592719075242517,0.03394625446582099,0.6197169927287903,0.3655365824484986,0.0959137706746112,COMPLETE
199,199,10.350000000000001,2025-02-10 09:25:47.256686,2025-02-10 09:25:49.834949,0 days 00:00:02.578263,0.23276972085644615,8.383944861991546,0.020592000681899023,0.49574984597984795,0.8690636211238469,0.021093083915438928,COMPLETE
200,200,11.0,2025-02-10 09:25:49.835422,2025-02-10 09:25:52.523414,0 days 00:00:02.687992,0.17187250471247797,12.223636301754693,0.018060033824746437,0.4798967190042409,0.8729341601427097,0.022527741354558265,COMPLETE
201,201,11.350000000000001,2025-02-10 09:25:52.523914,2025-02-10 09:25:54.368387,0 days 00:00:01.844473,0.2240318704536657,7.766676424989628,0.020063298617908638,0.09551806089461005,1.0641504641956283,0.0199822173494761,COMPLETE
202,202,10.75,2025-02-10 09:25:54.368873,2025-02-10 09:25:57.036391,0 days 00:00:02.667518,0.2863700432534256,3.413272519570297,0.023366191528281056,0.29643538357517857,0.7488769058915858,0.025901776401515537,COMPLETE
203,203,10.75,2025-02-10 09:25:57.036841,2025-02-10 09:25:59.836804,0 days 00:00:02.799963,0.2339174060970102,8.52509703828365,0.0036972590177740796,0.5699252905491856,1.2736049443393527,0.03403587749227904,COMPLETE
204,204,10.65,2025-02-10 09:25:59.837270,2025-02-10 09:26:02.343095,0 days 00:00:02.505825,0.2984129735688496,6.345225999689343,0.016686597492126268,0.43113692683527793,5.877670344650964,0.8211954691629206,COMPLETE
205,205,11.3,2025-02-10 09:26:02.343570,2025-02-10 09:26:05.301706,0 days 00:00:02.958136,0.6565376113091835,5.080764747343123,0.006137250348080375,0.7193008661969582,1.6706467015775164,0.017248860739908136,COMPLETE
206,206,12.5,2025-02-10 09:26:05.302177,2025-02-10 09:26:08.060172,0 days 00:00:02.757995,0.20024648243584364,0.09107544812316591,0.02061982945618324,0.5085913935509623,0.957963096890491,0.02243838326474549,COMPLETE
207,207,10.850000000000001,2025-02-10 09:26:08.060629,2025-02-10 09:26:10.723577,0 days 00:00:02.662948,0.2707216005927002,10.47967973231287,0.0056695077669893295,0.6470675794392281,1.8582217731073414,0.04221060120833022,COMPLETE
208,208,10.65,2025-02-10 09:26:10.723997,2025-02-10 09:26:13.311898,0 days 00:00:02.587901,0.47410513819982986,14.293502996432332,0.004357195134269072,0.8136574369139432,0.5764897687698638,0.030188764322201234,COMPLETE
209,209,10.950000000000001,2025-02-10 09:26:13.312326,2025-02-10 09:26:15.687412,0 days 00:00:02.375086,0.3297483532209559,6.671604311935043,0.0032499618447127585,0.23399961118666376,1.459054257151974,0.054632419105171325,COMPLETE
210,210,11.950000000000001,2025-02-10 09:26:15.687868,2025-02-10 09:26:19.098591,0 days 00:00:03.410723,0.5526724107672547,3.9587605292762245,0.012831413334933586,0.9911931249105163,0.8165063982008975,0.0162895111418735,COMPLETE
211,211,11.350000000000001,2025-02-10 09:26:19.099070,2025-02-10 09:26:22.266485,0 days 00:00:03.167415,0.3191694595119281,7.8489509333031355,0.018476641307645023,0.7892075912633666,1.183794066644535,0.07060861118836284,COMPLETE
212,212,11.0,2025-02-10 09:26:22.266947,2025-02-10 09:26:25.051411,0 days 00:00:02.784464,0.37426524525361576,7.5805773963585725,0.014182762160439203,0.7412009400403957,1.2176640852574563,0.11628858396511482,COMPLETE
213,213,10.75,2025-02-10 09:26:25.051867,2025-02-10 09:26:27.821825,0 days 00:00:02.769958,0.30235812166746856,10.396890338996442,0.016659948143793037,0.8641920936873532,1.3257350989623862,0.0991490747364223,COMPLETE
214,214,11.200000000000001,2025-02-10 09:26:27.822246,2025-02-10 09:26:30.744795,0 days 00:00:02.922549,0.2598813576709431,5.469417365766052,0.013869921045454245,0.6328275983337776,1.5483193586470787,0.03591811204381676,COMPLETE
215,215,11.450000000000001,2025-02-10 09:26:30.745321,2025-02-10 09:26:33.437260,0 days 00:00:02.691939,0.7729802172557882,8.840714118490208,0.015378402629588842,0.3453962470503867,1.0731327098994556,0.14911410815774237,COMPLETE
216,216,11.05,2025-02-10 09:26:33.437731,2025-02-10 09:26:36.046933,0 days 00:00:02.609202,0.4479575954581512,16.129591604748345,0.008515698010547978,0.5386539315057213,0.6599748407370011,0.04278551828053048,COMPLETE
217,217,10.75,2025-02-10 09:26:36.047404,2025-02-10 09:26:38.657241,0 days 00:00:02.609837,0.24672295406335448,22.21432876860755,0.011484520373862087,0.7236996400775005,0.9194711222960881,0.11699695499741306,COMPLETE
218,218,11.3,2025-02-10 09:26:38.657714,2025-02-10 09:26:41.556981,0 days 00:00:02.899267,0.3690744133948919,11.964575385972575,0.07730422213793871,0.8549130663947536,2.1489948523452083,0.08165788401883263,COMPLETE
219,219,11.100000000000001,2025-02-10 09:26:41.557460,2025-02-10 09:26:44.387414,0 days 00:00:02.829954,0.15479537949332162,6.444775376598567,0.007064799580966385,0.6219270710867856,0.46404369678133606,0.02527844632263951,COMPLETE
220,220,10.55,2025-02-10 09:26:44.387858,2025-02-10 09:26:46.802800,0 days 00:00:02.414942,0.1923738801910432,4.880804837388207,0.009193874140155845,0.46484402402646746,1.354731463303357,0.06278174274556131,COMPLETE
221,221,10.55,2025-02-10 09:26:46.803227,2025-02-10 09:26:49.352002,0 days 00:00:02.548775,0.7696947250019776,7.907475718106963,0.007569817835267826,0.9981904990896341,3.7974221659592224,0.014705232177278956,COMPLETE
222,222,10.75,2025-02-10 09:26:49.352476,2025-02-10 09:26:52.052979,0 days 00:00:02.700503,0.6757953846452466,9.467134587358448,0.006868521301607925,0.7808615262687535,3.2821128568701616,0.02085922099960592,COMPLETE
223,223,10.75,2025-02-10 09:26:52.053464,2025-02-10 09:26:54.662728,0 days 00:00:02.609264,0.8357117659168936,13.327632185899251,0.008336769906047703,0.6927078637512665,1.7783061382034127,0.010046858788790055,COMPLETE
224,224,10.9,2025-02-10 09:26:54.663196,2025-02-10 09:26:57.817004,0 days 00:00:03.153808,0.5996850120582695,2.8800399548956164,0.006385660876261062,0.8740509959419297,1.1343931626325654,0.029330217581349224,COMPLETE
225,225,10.8,2025-02-10 09:26:57.817478,2025-02-10 09:27:00.160625,0 days 00:00:02.343147,0.9360388148827002,18.807249018052605,0.012669626175786817,0.5649666012167741,4.481845319491069,0.05017373678183151,COMPLETE
226,226,11.450000000000001,2025-02-10 09:27:00.161077,2025-02-10 09:27:03.233010,0 days 00:00:03.071933,0.00603028862588597,11.226586581459127,0.010702148547047595,0.7582001734101935,2.932341474643169,0.13544282260571394,COMPLETE
227,227,11.8,2025-02-10 09:27:03.233481,2025-02-10 09:27:06.049130,0 days 00:00:02.815649,0.5145115014117357,6.802311070386928,0.014698647922986197,0.6370624605131195,1.5489980702378916,0.0129367500016087,COMPLETE
228,228,10.950000000000001,2025-02-10 09:27:06.049602,2025-02-10 09:27:08.585622,0 days 00:00:02.536020,0.33136050874968304,3.7167730106884616,0.004945672628563478,0.2051986198393729,0.15753323615479625,0.17738569258039596,COMPLETE
229,229,20.75,2025-02-10 09:27:08.586071,2025-02-10 09:27:15.255191,0 days 00:00:06.669120,0.2202722292349072,1.964305249299925,0.007696957147518537,0.8987787923577342,0.8242490819533231,0.019003472093846934,COMPLETE
230,230,9.05,2025-02-10 09:27:15.255688,2025-02-10 09:27:18.280515,0 days 00:00:03.024827,0.4497305707388274,5.761143225191061,0.0222993273386413,0.5062688478861347,2.419715638841494,0.03543264510752085,COMPLETE
231,231,10.850000000000001,2025-02-10 09:27:18.280996,2025-02-10 09:27:21.386024,0 days 00:00:03.105028,0.42098469002295447,4.833810408178535,0.018508603363922398,0.5133673315499995,2.5201340374679546,0.03511409458119694,COMPLETE
232,232,11.200000000000001,2025-02-10 09:27:21.386475,2025-02-10 09:27:24.003375,0 days 00:00:02.616900,0.9974999064345275,6.128469254308841,0.022101823793448924,0.4246693710487319,2.4313657081868927,0.03904947135077512,COMPLETE
233,233,10.9,2025-02-10 09:27:24.003837,2025-02-10 09:27:26.869313,0 days 00:00:02.865476,0.5436820386295801,7.630623132689454,0.021528037789218486,0.6865560294045365,2.0744505489273792,0.026359961453760586,COMPLETE
234,234,10.8,2025-02-10 09:27:26.869775,2025-02-10 09:27:29.449559,0 days 00:00:02.579784,0.4572454948543254,9.671549519506193,0.023636172420667973,0.5326941602596362,1.8556379715219822,0.03366151021672225,COMPLETE
235,235,11.25,2025-02-10 09:27:29.450006,2025-02-10 09:27:32.583911,0 days 00:00:03.133905,0.7008989915907196,5.110680463705795,0.025304856049818712,0.7859257888271651,4.079967784596793,0.30658829778681823,COMPLETE
236,236,11.100000000000001,2025-02-10 09:27:32.584334,2025-02-10 09:27:35.312675,0 days 00:00:02.728341,0.2885989962883767,4.117770130683052,0.02053578986087365,0.3682254549753302,0.972973724296519,0.04475935549640077,COMPLETE
237,237,11.350000000000001,2025-02-10 09:27:35.313125,2025-02-10 09:27:38.164755,0 days 00:00:02.851630,0.39923484637125817,16.096808441314245,0.025162990315544864,0.6001580335992323,1.3028999347699717,0.023149759110380988,COMPLETE
238,238,11.55,2025-02-10 09:27:38.165273,2025-02-10 09:27:40.389089,0 days 00:00:02.223816,0.6157650939376145,6.2987868658845425,0.030676741542115964,0.12109115663156017,1.5928823191559502,0.03021407362902254,COMPLETE
239,239,11.0,2025-02-10 09:27:40.389570,2025-02-10 09:27:43.285387,0 days 00:00:02.895817,0.07459505876309509,8.429799681129927,0.00987583883911757,0.8606464539883212,3.602083043598036,0.027129208939160404,COMPLETE
240,240,10.8,2025-02-10 09:27:43.285869,2025-02-10 09:27:46.013966,0 days 00:00:02.728097,0.35372360694369226,11.749962361135372,0.04570525053363805,0.9994943655045597,0.6589020766428629,7.616733973128632,COMPLETE
241,241,10.850000000000001,2025-02-10 09:27:46.014393,2025-02-10 09:27:49.111777,0 days 00:00:03.097384,0.30418704135468455,3.1731772374363763,0.009287465064902464,0.7195750323014114,3.0552310027412344,0.01998448302696423,COMPLETE
242,242,10.850000000000001,2025-02-10 09:27:49.112296,2025-02-10 09:27:51.374803,0 days 00:00:02.262507,0.2674751079113107,3.2930744242106695,0.008402250669904845,0.17480257696982782,2.9220293364593077,0.022652881640401513,COMPLETE
243,243,11.05,2025-02-10 09:27:51.375256,2025-02-10 09:27:54.623285,0 days 00:00:03.248029,0.23444747518188486,4.135288479916331,0.009167628663306405,0.8146733872468939,0.034922733129740896,0.016449686536709276,COMPLETE
244,244,10.8,2025-02-10 09:27:54.623860,2025-02-10 09:27:58.023210,0 days 00:00:03.399350,0.3188309882218068,2.3210961619807637,0.010475435553584092,0.6512126760918668,1.1686608990124394,0.03873936318891968,COMPLETE
245,245,11.25,2025-02-10 09:27:58.023677,2025-02-10 09:28:00.944529,0 days 00:00:02.920852,0.4777173866363141,5.631167326520411,0.005617771945253535,0.5824230895518818,2.2872552654560736,0.03175069049151826,COMPLETE
246,246,11.700000000000001,2025-02-10 09:28:00.944962,2025-02-10 09:28:02.998486,0 days 00:00:02.053524,0.403428259638583,0.0037967690110685963,0.006851022922697185,0.15632587441045626,2.7371487442113773,0.02068453441106895,COMPLETE
247,247,17.25,2025-02-10 09:28:02.998957,2025-02-10 09:28:07.650298,0 days 00:00:04.651341,0.27749110382650516,1.1461403172061069,0.0077735069661331825,0.8737006488781424,0.06524169948217119,0.025575156765752064,COMPLETE
248,248,11.0,2025-02-10 09:28:07.650774,2025-02-10 09:28:10.890284,0 days 00:00:03.239510,0.3361869267215508,1.6016202185500377,0.0063005286492296385,0.48003888196497047,1.9317830750533738,0.08465755081125513,COMPLETE
249,249,11.25,2025-02-10 09:28:10.890764,2025-02-10 09:28:13.808916,0 days 00:00:02.918152,0.13330769607004123,8.00083479855244,0.01210906846524213,0.7626890706948701,0.38416662085351305,0.014367966558029131,COMPLETE
250,250,11.350000000000001,2025-02-10 09:28:13.809430,2025-02-10 09:28:16.700898,0 days 00:00:02.891468,0.5902686512897878,6.550918606401052,0.0088165580473386,0.7150418197779745,0.7745378575820892,0.056946771863102576,COMPLETE
251,251,14.8,2025-02-10 09:28:16.701396,2025-02-10 09:28:19.429390,0 days 00:00:02.727994,0.770116252425907,0.0014960151626200286,0.0015066606144514703,0.8958231888054268,0.5392621026911175,2.0102462566972363,COMPLETE
252,252,10.65,2025-02-10 09:28:19.429856,2025-02-10 09:28:22.176999,0 days 00:00:02.747143,0.17980709409822057,4.479373649541376,0.019716014769209003,0.5924447549865204,4.929338761643831,0.018155732104413447,COMPLETE
253,253,11.4,2025-02-10 09:28:22.177490,2025-02-10 09:28:25.368756,0 days 00:00:03.191266,0.24336329057978764,2.7361763067031357,0.01008466086347641,0.4055608621764468,1.4157065277192276,0.04697388241663974,COMPLETE
254,254,12.15,2025-02-10 09:28:25.369239,2025-02-10 09:28:26.706275,0 days 00:00:01.337036,0.11823829915661103,9.776564987040926,0.015277797397687407,0.0010320825599938104,1.0003195026946707,0.029513249299106543,COMPLETE
255,255,10.850000000000001,2025-02-10 09:28:26.706707,2025-02-10 09:28:29.246782,0 days 00:00:02.540075,0.5213061680278229,21.74891575045942,0.007517784383272211,0.6675581094762717,1.7444625245844398,0.03577827045019822,COMPLETE
256,256,12.3,2025-02-10 09:28:29.247269,2025-02-10 09:28:31.737176,0 days 00:00:02.489907,0.3702130870408922,0.006761743055480717,0.005222399348744497,0.5205743746531158,3.355565564698848,0.023466308256968268,COMPLETE
257,257,11.15,2025-02-10 09:28:31.737689,2025-02-10 09:28:35.032711,0 days 00:00:03.295022,0.44320772840168327,3.4499747359153257,0.013170337751299518,0.804379375437284,0.016792158501475925,0.07204494466645542,COMPLETE
258,258,11.15,2025-02-10 09:28:35.033192,2025-02-10 09:28:37.588684,0 days 00:00:02.555492,0.29099454468298497,11.490423704514937,0.011472117698840373,0.2814762667041686,1.3189618152255675,0.040876072032072976,COMPLETE
259,259,11.700000000000001,2025-02-10 09:28:37.589108,2025-02-10 09:28:40.966079,0 days 00:00:03.376971,0.04021506473565265,14.163577043525809,0.027740426957797076,0.9796115306898096,0.8802534523863708,0.10408840336126632,COMPLETE
260,260,10.15,2025-02-10 09:28:40.966540,2025-02-10 09:28:43.606748,0 days 00:00:02.640208,0.6804244088402921,7.643024061718981,0.006534344642982052,0.6672054964879099,1.1873802360404542,0.012451941564874586,COMPLETE
261,261,11.100000000000001,2025-02-10 09:28:43.607207,2025-02-10 09:28:44.887737,0 days 00:00:01.280530,0.8269065832029182,7.150315264494965,0.006537684847049053,0.050574420177079076,1.1213517883420832,0.011843084156494398,COMPLETE
262,262,10.8,2025-02-10 09:28:44.888181,2025-02-10 09:28:47.624583,0 days 00:00:02.736402,0.6343643764804465,9.163624008392961,0.0058567324119153255,0.47014264501702263,1.5112561745693287,0.014899244383851812,COMPLETE
263,263,10.450000000000001,2025-02-10 09:28:47.625135,2025-02-10 09:28:50.446715,0 days 00:00:02.821580,0.7013820083571454,5.387481553333309,0.0068868541429268956,0.6576231913500948,1.065487260695726,0.012921772150025927,COMPLETE
264,264,10.55,2025-02-10 09:28:50.447196,2025-02-10 09:28:53.186286,0 days 00:00:02.739090,0.5380982563013184,7.492063649853562,0.006048351722282966,0.5613264177975118,1.729793907663412,0.033451939736046786,COMPLETE
265,265,11.450000000000001,2025-02-10 09:28:53.186754,2025-02-10 09:28:56.338696,0 days 00:00:03.151942,0.8643906324974758,6.003206703117628,0.004857104192655904,0.7344070864413546,0.28826349979377097,0.01755508335883121,COMPLETE
266,266,10.8,2025-02-10 09:28:56.339215,2025-02-10 09:28:58.495906,0 days 00:00:02.156691,0.7266545466080785,16.278839134359355,0.016831952049313342,0.44610868616732163,1.2844553922343767,0.011192945145415627,COMPLETE
267,267,12.450000000000001,2025-02-10 09:28:58.496349,2025-02-10 09:29:02.040241,0 days 00:00:03.543892,0.2003400728803424,0.5268944374423937,0.004165118478099367,0.5916706795235412,0.7425240564131834,0.027698829638900795,COMPLETE
268,268,10.9,2025-02-10 09:29:02.040707,2025-02-10 09:29:04.436847,0 days 00:00:02.396140,0.6055114299849246,10.475700431873705,0.005511000123524171,0.5066506474469176,1.4955526166261235,0.05123374842170227,COMPLETE
269,269,11.850000000000001,2025-02-10 09:29:04.437358,2025-02-10 09:29:05.694277,0 days 00:00:01.256919,0.15248930165429533,8.345105839384765,0.0072848292730567045,0.011749560384996683,0.9472171051972605,0.04144262042144694,COMPLETE
270,270,10.9,2025-02-10 09:29:05.694731,2025-02-10 09:29:07.423436,0 days 00:00:01.728705,0.4593829510444359,12.676881213042337,0.00803570870348845,0.07960179426871293,1.178741312583281,0.03272560040209233,COMPLETE
271,271,12.450000000000001,2025-02-10 09:29:07.423876,2025-02-10 09:29:09.765211,0 days 00:00:02.341335,0.3892228529266788,0.02153852301754621,0.02214373342346297,0.670223342437164,0.6064449296306217,0.01519059350326276,COMPLETE
272,272,11.05,2025-02-10 09:29:09.765763,2025-02-10 09:29:12.874938,0 days 00:00:03.109175,0.09389935142429962,4.824355121549961,0.0064693383307629845,0.7995215490813042,2.04588179346292,0.02497783636763784,COMPLETE
273,273,11.3,2025-02-10 09:29:12.875436,2025-02-10 09:29:15.492543,0 days 00:00:02.617107,0.5134784833488591,7.120915359159605,0.013878023185820609,0.3497012921895128,1.3429963466396972,0.01968399330450332,COMPLETE
274,274,10.700000000000001,2025-02-10 09:29:15.493086,2025-02-10 09:29:18.057384,0 days 00:00:02.564298,0.33188109034683577,27.812616200102045,0.01806768478503083,0.8972495786600632,0.4792056912485203,0.03745889294287493,COMPLETE
275,275,10.700000000000001,2025-02-10 09:29:18.057865,2025-02-10 09:29:20.323455,0 days 00:00:02.265590,0.6844904232686037,9.539895047772637,0.007200962655493405,0.21453684550468438,1.6367234888222901,0.240029368717244,COMPLETE
276,276,10.9,2025-02-10 09:29:20.324028,2025-02-10 09:29:23.168338,0 days 00:00:02.844310,0.22655850921187068,5.988557128320848,0.024572602170253064,0.604961424392222,7.588889856659775,0.02885580268102614,COMPLETE
277,277,11.0,2025-02-10 09:29:23.168847,2025-02-10 09:29:25.816494,0 days 00:00:02.647647,0.9087479107092656,1.3767990064470943,0.00858252927106394,0.25203442619951516,0.8487998052550921,0.12589908462038218,COMPLETE
278,278,11.0,2025-02-10 09:29:25.816940,2025-02-10 09:29:26.906540,0 days 00:00:01.089600,0.39396911336210483,4.277054472814451,0.004532006917527874,0.036641326124244075,5.828430481092054,0.05942092126068741,COMPLETE
279,279,10.65,2025-02-10 09:29:26.906988,2025-02-10 09:29:29.516266,0 days 00:00:02.609278,0.07676527899452643,17.87158737203244,0.015020305588902823,0.724838982214356,1.0243437544715484,0.013117016778691983,COMPLETE
280,280,10.450000000000001,2025-02-10 09:29:29.516740,2025-02-10 09:29:31.807334,0 days 00:00:02.290594,0.5786959662824438,13.049244325702567,0.005499980992175141,0.549252758619543,1.907271250388508,0.01014442431284063,COMPLETE
281,281,11.15,2025-02-10 09:29:31.807830,2025-02-10 09:29:34.837375,0 days 00:00:03.029545,0.25652816026131253,8.040724434493963,0.01993885997680548,0.4280835492702652,1.2506936817820042,0.022584243403247262,COMPLETE
282,282,10.850000000000001,2025-02-10 09:29:34.837846,2025-02-10 09:29:38.005107,0 days 00:00:03.167261,0.4601625086506369,5.74436688876084,0.007896917113785044,0.9917998496809205,0.7032167733477144,0.044332798184148564,COMPLETE
283,283,10.850000000000001,2025-02-10 09:29:38.005613,2025-02-10 09:29:40.623402,0 days 00:00:02.617789,0.11423877774363153,10.579213884281424,0.006053154978873435,0.7966280475779172,4.497743264501722,0.016925537319692218,COMPLETE
284,284,11.5,2025-02-10 09:29:40.623860,2025-02-10 09:29:43.724249,0 days 00:00:03.100389,0.33237608054115786,0.9514256831219294,0.009734783141377688,0.6552962508897838,1.4486947680373008,0.02925552043606231,COMPLETE
285,285,10.350000000000001,2025-02-10 09:29:43.724723,2025-02-10 09:29:46.405469,0 days 00:00:02.680746,0.7860404681536398,1.939273198623386,0.06699002757375086,0.5066100434185494,2.3873991497330977,0.0353567230135682,COMPLETE
286,286,12.100000000000001,2025-02-10 09:29:46.405939,2025-02-10 09:29:49.669974,0 days 00:00:03.264035,0.05668209446183916,1.622925630333168,0.06317458417097752,0.30888979863649174,2.3510622790063493,0.03693776924821482,COMPLETE
287,287,11.0,2025-02-10 09:29:49.670442,2025-02-10 09:29:52.505080,0 days 00:00:02.834638,0.15962292889354915,2.4196704097654735,0.024969203405051203,0.4572417051960018,1.9439033928417833,0.04709218380869506,COMPLETE
288,288,11.200000000000001,2025-02-10 09:29:52.505527,2025-02-10 09:29:55.265399,0 days 00:00:02.759872,0.28738428964479706,3.711006211977866,0.04655528247549555,0.5128241791184023,2.317808984487617,0.032472565310013336,COMPLETE
289,289,10.700000000000001,2025-02-10 09:29:55.265898,2025-02-10 09:29:58.085640,0 days 00:00:02.819742,0.4202070014635962,4.801566159054624,0.0289253888668175,0.5746827430443138,1.6614764552563916,0.08147053787720682,COMPLETE
290,290,11.9,2025-02-10 09:29:58.086150,2025-02-10 09:30:00.102135,0 days 00:00:02.015985,0.6349443275588307,1.9836401033452296,0.07008792424870476,0.06401863986950541,1.146747862896683,0.024665349492740334,COMPLETE
291,291,9.75,2025-02-10 09:30:00.102627,2025-02-10 09:30:02.219651,0 days 00:00:02.117024,0.024354934968040868,2.9808162052826512,0.04656530965954789,0.11232224824738048,0.9279988227976668,15.454366590277568,COMPLETE
292,292,11.350000000000001,2025-02-10 09:30:02.220167,2025-02-10 09:30:05.378335,0 days 00:00:03.158168,0.2086870017449169,3.0145708056406444,0.04045151245592831,0.397273986113872,0.8339345711277888,0.020422435817055985,COMPLETE
293,293,11.15,2025-02-10 09:30:05.378805,2025-02-10 09:30:08.594078,0 days 00:00:03.215273,0.019144986351536258,2.6509817527405626,0.055907537687972,0.49883202747175986,0.9415879699239814,10.665087868028676,COMPLETE
294,294,11.350000000000001,2025-02-10 09:30:08.594566,2025-02-10 09:30:11.202214,0 days 00:00:02.607648,0.030677142367417563,3.492655979658285,0.03970436681578028,0.0997096694990956,0.7219827937820081,2.5804314074968033,COMPLETE
295,295,11.25,2025-02-10 09:30:11.202694,2025-02-10 09:30:13.979632,0 days 00:00:02.776938,0.5181087666756702,4.00323774270137,0.0859853904653958,0.332377133563053,0.6051576187221543,0.8373337492346047,COMPLETE
296,296,13.05,2025-02-10 09:30:13.980108,2025-02-10 09:30:17.539205,0 days 00:00:03.559097,0.025709688564581865,2.027937982231376,0.0980347038557911,0.37315321221387254,1.00344852880248,4.1053759251715185,COMPLETE
297,297,11.100000000000001,2025-02-10 09:30:17.539719,2025-02-10 09:30:19.449053,0 days 00:00:01.909334,0.7932258128965003,0.0660149421612518,0.027406719363138196,0.11564993860345577,2.1902401684026507,1.6395140715916956,COMPLETE
298,298,10.65,2025-02-10 09:30:19.449566,2025-02-10 09:30:22.059904,0 days 00:00:02.610338,0.574863831011129,2.422302492533142,0.05402487314569384,0.10737526913624004,0.5432367508899683,19.504972339914453,COMPLETE
299,299,11.8,2025-02-10 09:30:22.060442,2025-02-10 09:30:25.590324,0 days 00:00:03.529882,0.04729538183413633,5.0914563012097656,0.03160372534872,0.6327870813387839,2.6415925059968397,0.039366251169531095,COMPLETE
